{
    "version": "1.0",
    "defaultProvider": "cdnjs",
    "libraries": [
      {
        "library": "jquery@3.6.0",
        "destination": "wwwroot/lib/jquery/",
        "files": [
          "jquery.min.js",
          "jquery.js",
          "jquery.min.map"
        ]
      },
      {
        "library": "twitter-bootstrap@5.1.3",
        "destination": "wwwroot/lib/bootstrap/"
      },
      {
        "library": "jquery-validation-unobtrusive@3.2.12",
        "destination": "wwwroot/jquery-validation-unobtrusive/"
      },
      {
        "library": "jquery-validate@1.19.4",
        "destination": "wwwroot/jquery-validate/",
        "files": [
          "jquery.validate.min.js",
          "additional-methods.js",
          "additional-methods.min.js",
          "jquery.validate.js"
        ]
      }
    ]
  }